[
  {
    "id": 1,
    "name": "🇷🇺 Россия"
  },
  {
    "id": 2,
    "name": "🇺🇦 Украина"
  },
  {
    "id": 3,
    "name": "🇧🇾 Беларусь"
  },
  {
    "id": 4,
    "name": "🇰🇿 Казахстан"
  },
  {
    "id": 5,
    "name": "🇪🇪 Эстония"
  },
  {
    "id": 6,
    "name": "🇮🇩 Индонезия"
  },
  {
    "id": 7,
    "name": "🇻🇳 Вьетнам"
  },
  {
    "id": 8,
    "name": "🇱🇦 Лаос"
  },
  {
    "id": 11,
    "name": "🇧🇷 Бразилия"
  },
  {
    "id": 12,
    "name": "🇫🇷 Франция"
  },
  {
    "id": 13,
    "name": "🇩🇪 Германия"
  },
  {
    "id": 14,
    "name": "🇲🇩 Молдова"
  },
  {
    "id": 15,
    "name": "🇷🇴 Румыния"
  },
  {
    "id": 17,
    "name": "🇺🇿 Узбекистан"
  },
  {
    "id": 18,
    "name": "🇧🇬 Болгария"
  },
  {
    "id": 19,
    "name": "🇹🇷 Турция"
  },
  {
    "id": 21,
    "name": "🇺🇸 США"
  },
  {
    "id": 23,
    "name": "🇵🇱 Польша"
  },
  {
    "id": 26,
    "name": "🇬🇧 Great Britain"
  },
  {
    "id": 31,
    "name": "🇰🇬 Кыргызстан"
  },
  {
    "id": 32,
    "name": "🇮🇳 Индия"
  },
  {
    "id": 33,
    "name": "🇦🇿 Азербайджан"
  },
  {
    "id": 34,
    "name": "🇵🇹 Португалия"
  },
  {
    "id": 35,
    "name": "🇨🇿 Чехия"
  },
  {
    "id": 36,
    "name": "🇳🇱 Нидерланды"
  },
  {
    "id": 37,
    "name": "🇭🇺 Венгрия"
  },
  {
    "id": 38,
    "name": "🇱🇹 Литва"
  },
  {
    "id": 39,
    "name": "🇮🇹 Италия"
  },
  {
    "id": 40,
    "name": "🇨🇳 Китай"
  },
  {
    "id": 41,
    "name": "🇵🇭 Филиппины"
  },
  {
    "id": 42,
    "name": "🇲🇲 Мьянма"
  },
  {
    "id": 43,
    "name": "🇲🇾 Малайзия"
  },
  {
    "id": 44,
    "name": "🇰🇪 Кения"
  },
  {
    "id": 45,
    "name": "🇹🇿 Танзания"
  },
  {
    "id": 46,
    "name": "🇮🇱 Израиль"
  },
  {
    "id": 47,
    "name": "🇲🇬 Мадагаскар"
  },
  {
    "id": 48,
    "name": "🇨🇬 Дем. Конго"
  },
  {
    "id": 49,
    "name": "🇳🇬 Нигерия"
  },
  {
    "id": 50,
    "name": "🇲🇴 Макао"
  },
  {
    "id": 51,
    "name": "🇪🇬 Египет"
  },
  {
    "id": 52,
    "name": "🇮🇪 Ирландия"
  },
  {
    "id": 53,
    "name": "🇰🇭 Камбоджа"
  },
  {
    "id": 54,
    "name": "🇭🇹 Гаити"
  },
  {
    "id": 55,
    "name": "🇬🇲 Гамбия"
  },
  {
    "id": 56,
    "name": "🇷🇸 Сербия"
  },
  {
    "id": 57,
    "name": "🇾🇪 Йемен"
  },
  {
    "id": 58,
    "name": "🇨🇴 Колумбия"
  },
  {
    "id": 59,
    "name": "🇨🇦 Канада"
  },
  {
    "id": 60,
    "name": "🇲🇦 Марокко"
  },
  {
    "id": 61,
    "name": "🇬🇭 Гана"
  },
  {
    "id": 62,
    "name": "🇦🇷 Аргентина"
  },
  {
    "id": 63,
    "name": "🇨🇲 Камерун"
  },
  {
    "id": 64,
    "name": "🇹🇩 Чад"
  },
  {
    "id": 65,
    "name": "🇭🇷 Хорватия"
  },
  {
    "id": 66,
    "name": "🇸🇪 Швеция"
  },
  {
    "id": 67,
    "name": "🇮🇶 Ирак"
  },
  {
    "id": 68,
    "name": "🇱🇻 Латвия"
  },
  {
    "id": 69,
    "name": "🇦🇹 Австрия"
  },
  {
    "id": 70,
    "name": "🇹🇭 Таиланд"
  },
  {
    "id": 71,
    "name": "🇲🇽 Мексика"
  },
  {
    "id": 72,
    "name": "🇹🇼 Тайвань"
  },
  {
    "id": 73,
    "name": "🇪🇸 Испания"
  },
  {
    "id": 74,
    "name": "🇮🇷 Иран"
  },
  {
    "id": 75,
    "name": "🇩🇿 Алжир"
  },
  {
    "id": 76,
    "name": "🇸🇮 Словения"
  },
  {
    "id": 77,
    "name": "🇧🇩 Бангладеш"
  },
  {
    "id": 78,
    "name": "🇸🇳 Сенегал"
  },
  {
    "id": 79,
    "name": "🇵🇪 Перу"
  },
  {
    "id": 80,
    "name": "🇵🇰 Пакистан"
  },
  {
    "id": 81,
    "name": "🇬🇳 Гвинея"
  },
  {
    "id": 82,
    "name": "🇲🇱 Мали"
  },
  {
    "id": 83,
    "name": "🇻🇪 Венесуэла"
  },
  {
    "id": 84,
    "name": "🇪🇹 Эфиопия"
  },
  {
    "id": 85,
    "name": "🇲🇳 Монголия"
  },
  {
    "id": 86,
    "name": "🇦🇫 Афганистан"
  },
  {
    "id": 87,
    "name": "🇺🇬 Уганда"
  },
  {
    "id": 88,
    "name": "🇦🇴 Ангола"
  },
  {
    "id": 89,
    "name": "🇨🇾 Кипр"
  },
  {
    "id": 90,
    "name": "🇵🇬 Папуа-Новая Гвинея"
  },
  {
    "id": 91,
    "name": "🇲🇿 Мозамбик"
  },
  {
    "id": 92,
    "name": "🇳🇵 Непал"
  },
  {
    "id": 93,
    "name": "🇧🇪 Бельгия"
  },
  {
    "id": 94,
    "name": "🇵🇾 Парагвай"
  },
  {
    "id": 95,
    "name": "🇭🇳 Гондурас"
  },
  {
    "id": 96,
    "name": "🇹🇳 Тунис"
  },
  {
    "id": 97,
    "name": "🇳🇮 Никарагуа"
  },
  {
    "id": 98,
    "name": "🇧🇴 Боливия"
  },
  {
    "id": 99,
    "name": "🇬🇹 Гватемала"
  },
  {
    "id": 100,
    "name": "🇦🇪 ОАЭ"
  },
  {
    "id": 101,
    "name": "🇿🇼 Зимбабве"
  },
  {
    "id": 102,
    "name": "🇸🇩 Судан"
  },
  {
    "id": 103,
    "name": "🇹🇬 Того"
  },
  {
    "id": 104,
    "name": "🇰🇼 Кувейт"
  },
  {
    "id": 105,
    "name": "🇸🇻 Сальвадор"
  },
  {
    "id": 106,
    "name": "🇱🇾 Ливия"
  },
  {
    "id": 107,
    "name": "🇯🇲 Ямайка"
  },
  {
    "id": 108,
    "name": "🇹🇹 Тринидад и Тобаго"
  },
  {
    "id": 109,
    "name": "🇪🇨 Эквадор"
  },
  {
    "id": 110,
    "name": "🇸🇿 Свазиленд"
  },
  {
    "id": 111,
    "name": "🇴🇲 Оман"
  },
  {
    "id": 112,
    "name": "🇧🇦 Босния и Герцеговина"
  },
  {
    "id": 113,
    "name": "🇸🇾 Сирия"
  },
  {
    "id": 114,
    "name": "🇶🇦 Катар"
  },
  {
    "id": 115,
    "name": "🇵🇦 Панама"
  },
  {
    "id": 116,
    "name": "🇨🇺 Куба"
  },
  {
    "id": 117,
    "name": "🇲🇷 Мавритания"
  },
  {
    "id": 118,
    "name": "🇯🇴 Иордания"
  },
  {
    "id": 119,
    "name": "🇧🇧 Барбадос"
  },
  {
    "id": 120,
    "name": "🇧🇮 Бурунди"
  },
  {
    "id": 121,
    "name": "🇧🇯 Бенин"
  },
  {
    "id": 122,
    "name": "🇧🇳 Бруней"
  },
  {
    "id": 123,
    "name": "🇧🇸 Багамы"
  },
  {
    "id": 124,
    "name": "🇧🇼 Ботсвана"
  },
  {
    "id": 125,
    "name": "🇧🇿 Белиз"
  },
  {
    "id": 126,
    "name": "🇩🇲 Доминика"
  },
  {
    "id": 127,
    "name": "🇬🇩 Гренада"
  },
  {
    "id": 128,
    "name": "🇬🇪 Грузия"
  },
  {
    "id": 129,
    "name": "🇬🇷 Греция"
  },
  {
    "id": 130,
    "name": "🇬🇳 Гвинея-Бисау"
  },
  {
    "id": 131,
    "name": "🇬🇾 Гайана"
  },
  {
    "id": 132,
    "name": "🇮🇸 Исландия"
  },
  {
    "id": 133,
    "name": "🇰🇲 Коморы"
  },
  {
    "id": 134,
    "name": "🇱🇷 Либерия"
  },
  {
    "id": 135,
    "name": "🇱🇸 Лесото"
  },
  {
    "id": 136,
    "name": "🇲🇼 Малави"
  },
  {
    "id": 137,
    "name": "🇳🇦 Намибия"
  },
  {
    "id": 138,
    "name": "🇳🇪 Нигер"
  },
  {
    "id": 139,
    "name": "🇷🇼 Руанда"
  },
  {
    "id": 140,
    "name": "🇸🇰 Словакия"
  },
  {
    "id": 141,
    "name": "🇸🇷 Суринам"
  },
  {
    "id": 142,
    "name": "🇹🇯 Таджикистан"
  },
  {
    "id": 143,
    "name": "🇲🇨 Монако"
  },
  {
    "id": 144,
    "name": "🇧🇭 Бахрейн"
  },
  {
    "id": 145,
    "name": "🇷🇪 Реюньон"
  },
  {
    "id": 146,
    "name": "🇿🇲 Замбия"
  },
  {
    "id": 147,
    "name": "🇦🇲 Армения"
  },
  {
    "id": 148,
    "name": "🇸🇴 Сомали"
  },
  {
    "id": 149,
    "name": "🇨🇬 Конго"
  },
  {
    "id": 150,
    "name": "🇨🇱 Чили"
  },
  {
    "id": 151,
    "name": "🇱🇧 Ливан"
  },
  {
    "id": 152,
    "name": "🇬🇦 Габон"
  },
  {
    "id": 153,
    "name": "🇦🇱 Албания"
  },
  {
    "id": 154,
    "name": "🇺🇾 Уругвай"
  },
  {
    "id": 155,
    "name": "🇲🇺 Маврикий"
  },
  {
    "id": 156,
    "name": "🇧🇹 Бутан"
  },
  {
    "id": 157,
    "name": "🇲🇻 Мальдивы"
  },
  {
    "id": 158,
    "name": "🇬🇵 Гваделупа"
  },
  {
    "id": 159,
    "name": "🇹🇲 Туркменистан"
  },
  {
    "id": 160,
    "name": "🇫🇷 Французская Гвиана"
  },
  {
    "id": 161,
    "name": "🇫🇮 Финляндия"
  },
  {
    "id": 162,
    "name": "🇱🇺 Люксембург"
  },
  {
    "id": 163,
    "name": "🇬🇳 Экваториальная Гвинея"
  },
  {
    "id": 164,
    "name": "🇩🇯 Джибути"
  },
  {
    "id": 165,
    "name": "🇲🇪 Черногория"
  },
  {
    "id": 166,
    "name": "🇩🇰 Дания"
  },
  {
    "id": 167,
    "name": "🇨🇭 Швейцария"
  },
  {
    "id": 168,
    "name": "🇳🇴 Норвегия"
  },
  {
    "id": 169,
    "name": "🇦🇺 Австралия"
  },
  {
    "id": 170,
    "name": "🇪🇷 Эритрея"
  },
  {
    "id": 171,
    "name": "🇸🇩 Южный Судан"
  },
  {
    "id": 172,
    "name": "🇦🇼 Аруба"
  },
  {
    "id": 173,
    "name": "🇲🇸 Монтсеррат"
  },
  {
    "id": 174,
    "name": "🇦🇮 Ангилья"
  },
  {
    "id": 175,
    "name": "🇯🇵 Япония"
  },
  {
    "id": 176,
    "name": "🇸🇨 Республика Сейшелы"
  },
  {
    "id": 178,
    "name": "🇵🇸 Палестина"
  },
  {
    "id": 179,
    "name": "🇫🇯 Фиджи"
  },
  {
    "id": 180,
    "name": "🇯🇪 Джерси"
  },
  {
    "id": 181,
    "name": "Гонконг"
  },
  {
    "id": 182,
    "name": "Кот д'Ивуар"
  },
  {
    "id": 183,
    "name": "ЮАР"
  },
  {
    "id": 184,
    "name": "Сауд. Аравия"
  },
  {
    "id": 185,
    "name": "Шри-Ланка"
  },
  {
    "id": 186,
    "name": "Новая Зеландия"
  },
  {
    "id": 187,
    "name": "Тимор-Лесте"
  },
  {
    "id": 188,
    "name": "Коста Рика"
  },
  {
    "id": 189,
    "name": "Пуэрто-Рико"
  },
  {
    "id": 190,
    "name": "Доминиканская Республика"
  },
  {
    "id": 191,
    "name": "Сьерра-Леоне"
  },
  {
    "id": 192,
    "name": "ЦАР"
  },
  {
    "id": 193,
    "name": "Сент-Китс и Невис"
  },
  {
    "id": 194,
    "name": "Буркина-Фасо"
  },
  {
    "id": 195,
    "name": "Сент-Люсия"
  },
  {
    "id": 196,
    "name": "Сент-Винсент и Гренадин"
  },
  {
    "id": 197,
    "name": "Антигуа и Барбуда"
  },
  {
    "id": 198,
    "name": "Острова Кайман"
  },
  {
    "id": 199,
    "name": "Сан-Томе и Принсипи"
  },
  {
    "id": 200,
    "name": "Северная Македония"
  },
  {
    "id": 201,
    "name": "Новая Каледония"
  },
  {
    "id": 202,
    "name": "Кабо-Верде"
  },
  {
    "id": 203,
    "name": "Южная Корея"
  },
  {
    "id": 204,
    "name": "Северная Корея"
  },
  {
    "id": 205,
    "name": "Западная Сахара"
  },
  {
    "id": 206,
    "name": "Соломоновы острова"
  },
  {
    "id": 207,
    "name": "🇳🇬 Нигерия"
  }
]